ğŸ‘‹,people,hand
ğŸ¦µ,people,leg
ğŸ¦¶,people,foot
ğŸ‘‚,people,ear
ğŸ¦»,people,ear
ğŸ‘ƒ,people,nose
ğŸ§ ,people,brain
ğŸ«€,people,heart
ğŸ¦·,people,tooth
ğŸ¦´,people,bone
ğŸ‘€,people,eyes
ğŸ‘ï¸,people,eye
ğŸ‘…,people,tongue
ğŸ‘„,people,mouth
ğŸ‘¶,people,baby
ğŸ§’,people,child
ğŸ‘¦,people,boy
ğŸ‘§,people,girl
ğŸ‘¨,people,man
ğŸ‘¨â€ğŸ¦°,people,man
ğŸ‘¨â€ğŸ¦±,people,man
ğŸ‘¨â€ğŸ¦³,people,man
ğŸ‘¨â€ğŸ¦²,people,man
ğŸ‘©,people,woman
ğŸ‘©â€ğŸ¦°,people,woman
ğŸ‘©â€ğŸ¦±,people,woman
ğŸ‘©â€ğŸ¦³,people,woman
ğŸ‘©â€ğŸ¦²,people,woman
ğŸ‘±â€â™€ï¸,people,woman
ğŸ‘±â€â™‚ï¸,people,man
ğŸ‘´,people,old man
ğŸ‘µ,people,old woman
ğŸ§‘â€ğŸ“,people,student
ğŸ‘¨â€ğŸ“,people,student
ğŸ‘©â€ğŸ“,people,student
ğŸ§‘â€ğŸ«,people,teacher
ğŸ‘¨â€ğŸ«,people,teacher
ğŸ‘©â€ğŸ«,people,teacher
ğŸ§‘â€âš–ï¸,people,judge
ğŸ‘¨â€âš–ï¸,people,judge
ğŸ‘©â€âš–ï¸,people,judge
ğŸ§‘â€ğŸŒ¾,people,farmer
ğŸ‘¨â€ğŸŒ¾,people,farmer
ğŸ‘©â€ğŸŒ¾,people,farmer
ğŸ§‘â€ğŸ³,people,cook
ğŸ‘¨â€ğŸ³,people,cook
ğŸ‘©â€ğŸ³,people,cook
ğŸ§‘â€ğŸ”§,people,mechanic
ğŸ‘¨â€ğŸ”§,people,mechanic
ğŸ‘©â€ğŸ”§,people,mechanic
ğŸ§‘â€ğŸ”¬,people,scientist
ğŸ‘¨â€ğŸ”¬,people,scientist
ğŸ‘©â€ğŸ”¬,people,scientist
ğŸ§‘â€ğŸ’»,people,technologist
ğŸ‘¨â€ğŸ’»,people,technologist
ğŸ‘©â€ğŸ’»,people,technologist
ğŸ§‘â€ğŸ¤,people,singer
ğŸ‘¨â€ğŸ¤,people,singer
ğŸ‘©â€ğŸ¤,people,singer
ğŸ§‘â€ğŸ¨,people,artist
ğŸ‘¨â€ğŸ¨,people,artist
ğŸ‘©â€ğŸ¨,people,artist
ğŸ§‘â€âœˆï¸,people,pilot
ğŸ‘¨â€âœˆï¸,people,pilot
ğŸ‘©â€âœˆï¸,people,pilot
ğŸ§‘â€ğŸš€,people,astronaut
ğŸ‘¨â€ğŸš€,people,astronaut
ğŸ‘©â€ğŸš€,people,astronaut
ğŸ§‘â€ğŸš’,people,firefighter
ğŸ‘¨â€ğŸš’,people,firefighter
ğŸ‘©â€ğŸš’,people,firefighter
ğŸ‘®,people,police officer
ğŸ‘®â€â™‚ï¸,people,police officer
ğŸ‘®â€â™€ï¸,people,police officer
ğŸ•µï¸,people,detective
ğŸ•µï¸â€â™‚ï¸,people,detective
ğŸ•µï¸â€â™€ï¸,people,detective
ğŸ’‚,people,guard
ğŸ’‚â€â™‚ï¸,people,guard
ğŸ’‚â€â™€ï¸,people,guard
ğŸ¥·,people,ninja
ğŸ¤´,people,prince
ğŸ‘¸,people,princess
ğŸš¶,people,walking
ğŸš¶â€â™‚ï¸,people,walking
ğŸš¶â€â™€ï¸,people,walking
ğŸ§,people,standing
ğŸ§â€â™‚ï¸,people,standing
ğŸ§â€â™€ï¸,people,standing
ğŸƒ,people,running
ğŸƒâ€â™‚ï¸,people,running
ğŸƒâ€â™€ï¸,people,running
ğŸ’ƒ,people,dancing
ğŸ•º,people,dancing
ğŸ‘ª,people,family
ğŸ‘¨â€ğŸ‘©â€ğŸ‘¦,people,family
ğŸ‘¨â€ğŸ‘©â€ğŸ‘§,people,family
ğŸ‘¨â€ğŸ‘©â€ğŸ‘§â€ğŸ‘¦,people,family
ğŸ‘¨â€ğŸ‘©â€ğŸ‘¦â€ğŸ‘¦,people,family
ğŸ‘¨â€ğŸ‘©â€ğŸ‘§â€ğŸ‘§,people,family
ğŸ‘¨â€ğŸ‘¨â€ğŸ‘¦,people,family
ğŸ‘¨â€ğŸ‘¨â€ğŸ‘§,people,family
ğŸ‘¨â€ğŸ‘¨â€ğŸ‘§â€ğŸ‘¦,people,family
ğŸ‘¨â€ğŸ‘¨â€ğŸ‘¦â€ğŸ‘¦,people,family
ğŸ‘¨â€ğŸ‘¨â€ğŸ‘§â€ğŸ‘§,people,family
ğŸ‘©â€ğŸ‘©â€ğŸ‘¦,people,family
ğŸ‘©â€ğŸ‘©â€ğŸ‘§,people,family
ğŸ‘©â€ğŸ‘©â€ğŸ‘§â€ğŸ‘¦,people,family
ğŸ‘©â€ğŸ‘©â€ğŸ‘¦â€ğŸ‘¦,people,family
ğŸ‘©â€ğŸ‘©â€ğŸ‘§â€ğŸ‘§,people,family
ğŸŒ‚,clothes,umbrella
â˜‚ï¸,clothes,umbrella
ğŸ‘“,clothes,glasses
ğŸ•¶ï¸,clothes,sunglasses
ğŸ¥½,clothes,goggles
ğŸ¥¼,clothes,coat
ğŸ¦º,clothes,vest
ğŸ‘”,clothes,necktie
ğŸ‘•,clothes,t-shirt
ğŸ‘–,clothes,jeans
ğŸ§£,clothes,scarf
ğŸ§¤,clothes,gloves
ğŸ§¥,clothes,coat
ğŸ§¦,clothes,socks
ğŸ‘—,clothes,dress
ğŸ‘˜,clothes,kimono
ğŸ©±,clothes,swimsuit
ğŸ©²,clothes,briefs
ğŸ©³,clothes,shorts
ğŸ‘™,clothes,bikini
ğŸ‘š,clothes,clothes
ğŸ‘›,clothes,purse
ğŸ‘œ,clothes,handbag
ğŸ‘,clothes,bag
ğŸ’,clothes,backpack
ğŸ©´,clothes,sandal
ğŸ‘,clothes,shoe
ğŸ‘Ÿ,clothes,shoe
ğŸ¥¾,clothes,boot
ğŸ¥¿,clothes,shoe
ğŸ‘ ,clothes,shoe
ğŸ‘¡,clothes,sandal
ğŸ©°,clothes,shoes
ğŸ‘¢,clothes,boot
ğŸ‘‘,clothes,crown
ğŸ‘’,clothes,hat
ğŸ©,clothes,hat
ğŸ“,clothes,cap
ğŸ§¢,clothes,cap
ğŸª–,clothes,helmet
â›‘ï¸,clothes,helmet
ğŸ’„,clothes,lipstick
ğŸ’,clothes,ring
ğŸ’¼,clothes,briefcase
ğŸµ,animals,monkey
ğŸ’,animals,monkey
ğŸ¦,animals,gorilla
ğŸ¦§,animals,orangutan
ğŸ¶,animals,dog
ğŸ•,animals,dog
ğŸ¦®,animals,dog
ğŸ•â€ğŸ¦º,animals,dog
ğŸ©,animals,poodle
ğŸº,animals,wolf
ğŸ¦Š,animals,fox
ğŸ¦,animals,raccoon
ğŸ±,animals,cat
ğŸˆ,animals,cat
ğŸˆâ€â¬›,animals,cat
ğŸ¦,animals,lion
ğŸ¯,animals,tiger
ğŸ…,animals,tiger
ğŸ†,animals,leopard
ğŸ´,animals,horse
ğŸ,animals,horse
ğŸ¦„,animals,unicorn
ğŸ¦“,animals,zebra
ğŸ¦Œ,animals,deer
ğŸ®,animals,cow
ğŸ„,animals,cow
ğŸ·,animals,pig
ğŸ–,animals,pig
ğŸ¦’,animals,giraffe
ğŸ˜,animals,elephant
ğŸ¦£,animals,mammoth
ğŸ­,animals,mouse
ğŸ,animals,mouse
ğŸ€,animals,rat
ğŸ¹,animals,hamster
ğŸ°,animals,rabbit
ğŸ‡,animals,rabbit
ğŸ¦‡,animals,bat
ğŸ»,animals,bear
ğŸ»â€â„ï¸,animals,bear
ğŸ¨,animals,koala
ğŸ¼,animals,panda
ğŸ¦¥,animals,sloth
ğŸ¦¨,animals,skunk
ğŸ¦˜,animals,kangaroo
ğŸ”,animals,chicken
ğŸ£,animals,chick
ğŸ¤,animals,chick
ğŸ¥,animals,chick
ğŸ¦,animals,bird
ğŸ§,animals,penguin
ğŸ¦†,animals,duck
ğŸ¦¢,animals,swan
ğŸ¦‰,animals,owl
ğŸª¶,animals,feather
ğŸ¦©,animals,flamingo
ğŸ¦œ,animals,parrot
ğŸ¸,animals,frog
ğŸŠ,animals,crocodile
ğŸ¢,animals,turtle
ğŸ¦,animals,lizard
ğŸ,animals,snake
ğŸ²,animals,dragon
ğŸ‰,animals,dragon
ğŸ¦•,animals,sauropod
ğŸ¦–,animals,t-rex
ğŸ³,animals,whale
ğŸ‹,animals,whale
ğŸ¬,animals,dolphin
ğŸ¦­,animals,seal
ğŸŸ,animals,fish
ğŸ ,animals,fish
ğŸ¦ˆ,animals,shark
ğŸ™,animals,octopus
ğŸš,animals,shell
ğŸŒ,animals,snail
ğŸ¦‹,animals,butterfly
ğŸ›,animals,bug
ğŸœ,animals,ant
ğŸ,animals,honeybee
ğŸª²,animals,beetle
ğŸ,animals,lady beetle
ğŸ¦—,animals,cricket
ğŸª³,animals,cockroach
ğŸ•·ï¸,animals,spider
ğŸ•¸ï¸,animals,spider web
ğŸ¦‚,animals,scorpion
ğŸ¦Ÿ,animals,mosquito
ğŸª°,animals,fly
ğŸª±,animals,worm
ğŸ’,nature,bouquet
ğŸŒ¸,nature,blossom
ğŸ’®,nature,blossom
ğŸµï¸,nature,blossom
ğŸŒ¹,nature,blossom
ğŸŒº,nature,blossom
ğŸŒ»,nature,sunflower
ğŸŒ¼,nature,blossom
ğŸŒ·,nature,tulip
ğŸª´,nature,plant
ğŸŒ²,nature,tree
ğŸŒ³,nature,tree
ğŸŒ´,nature,tree
ğŸŒ¿,nature,leaf
â˜˜ï¸,nature,leaf
ğŸ€,nature,leaf
ğŸ,nature,leaf
ğŸ‚,nature,leaf
ğŸƒ,nature,leaf
ğŸ„,nature,mushroom
ğŸ¦€,nature,crab
ğŸ¦,nature,lobster
ğŸ¦,nature,shrimp
ğŸ¦‘,nature,squid
ğŸª¨,nature,rock
ğŸŒ™,nature,moon
ğŸŒ›,nature,moon
ğŸŒœ,nature,moon
â˜€ï¸,nature,sun
ğŸŒ,nature,sun
â­,nature,star
ğŸŒŸ,nature,star
ğŸŒ ,nature,star
â˜ï¸,nature,cloud
ğŸŒ§ï¸,nature,rain
ğŸŒ¨ï¸,nature,snow
ğŸŒ©ï¸,nature,lightning
ğŸŒªï¸,nature,tornado
ğŸŒ«ï¸,nature,fog
ğŸŒˆ,nature,rainbow
â˜‚ï¸,nature,umbrella
âš¡,nature,lightning
â„ï¸,nature,snowflake
â˜ƒï¸,nature,snowman
â›„,nature,snowman
â˜„ï¸,nature,comet
ğŸ”¥,nature,fire
ğŸŒŠ,nature,wave
ğŸ‡,food,grapes
ğŸˆ,food,melon
ğŸ‰,food,watermelon
ğŸ‹,food,lemon
ğŸŒ,food,banana
ğŸ,food,pineapple
ğŸ¥­,food,mango
ğŸ,food,apple
ğŸ,food,apple
ğŸ,food,pear
ğŸ‘,food,peach
ğŸ’,food,cherries
ğŸ“,food,strawberry
ğŸ«,food,blueberries
ğŸ¥,food,kiwi fruit
ğŸ…,food,tomato
ğŸ«’,food,olive
ğŸ¥¥,food,coconut
ğŸ¥‘,food,avocado
ğŸ†,food,eggplant
ğŸ¥”,food,potato
ğŸ¥•,food,carrot
ğŸŒ½,food,corn
ğŸŒ¶ï¸,food,hot pepper
ğŸ«‘,food,bell pepper
ğŸ¥’,food,cucumber
ğŸ¥¬,food,leafy green
ğŸ¥¦,food,broccoli
ğŸ§„,food,garlic
ğŸ§…,food,onion
ğŸ„,food,mushroom
ğŸ¥œ,food,peanuts
ğŸŒ°,food,chestnut
ğŸ,food,bread
ğŸ¥,food,bread
ğŸ¥–,food,bread
ğŸ«“,food,bread
ğŸ¥¨,food,bread
ğŸ¥¯,food,bagel
ğŸ¥,food,pancakes
ğŸ§‡,food,waffle
ğŸ§€,food,cheese
ğŸ–,food,meat
ğŸ—,food,meat
ğŸ¥©,food,meat
ğŸ¥“,food,bacon
ğŸ”,food,hamburger
ğŸŸ,food,french fries
ğŸ•,food,pizza
ğŸŒ­,food,hot dog
ğŸ¥ª,food,sandwich
ğŸŒ®,food,taco
ğŸ¥š,food,egg
ğŸ¥—,food,salad
ğŸ¿,food,popcorn
ğŸ§ˆ,food,butter
ğŸ§‚,food,salt
ğŸ±,food,bento box
ğŸ˜,food,rice cracker
ğŸ™,food,rice ball
ğŸš,food,cooked rice
ğŸ›,food,curry rice
ğŸœ,food,steaming bowl
ğŸ,food,spaghetti
ğŸ¢,food,oden
ğŸ£,food,sushi
ğŸ¤,food,fried shrimp
ğŸ¥®,food,moon cake
ğŸ¡,food,dango
ğŸ¥Ÿ,food,dumpling
ğŸ¥¡,food,takeout box
ğŸ¦ª,food,oyster
ğŸ¦,food,soft ice cream
ğŸ§,food,shaved ice
ğŸ¨,food,ice cream
ğŸ©,food,doughnut
ğŸª,food,cookie
ğŸ‚,food,cake
ğŸ°,food,shortcake
ğŸ§,food,cupcake
ğŸ¥§,food,pie
ğŸ«,food,chocolate
ğŸ¬,food,candy
ğŸ­,food,lollipop
ğŸ®,food,custard
ğŸ¯,food,honey pot
ğŸ¥›,food,milk
ğŸ«–,food,teapot
ğŸµ,food,teacup
ğŸ¶,food,sake
ğŸ·,food,glass
ğŸ¸,food,glass
ğŸ¹,food,drink
ğŸº,food,beer
ğŸ»,food,beer
ğŸ§Š,food,ice
ğŸ¥¢,food,chopsticks
ğŸ¥„,food,spoon
ğŸ§—,sports,climbing
ğŸ§—â€â™‚ï¸,sports,climbing
ğŸ§—â€â™€ï¸,sports,climbing
ğŸ¤º,sports,fencing
ğŸ‡,sports,horse racing
â›·ï¸,sports,skiing
ğŸ‚,sports,snowboardering
ğŸŒï¸,sports,golfing
ğŸŒï¸â€â™‚ï¸,sports,golfing
ğŸŒï¸â€â™€ï¸,sports,golfing
ğŸ„,sports,surfing
ğŸ„â€â™‚ï¸,sports,surfing
ğŸ„â€â™€ï¸,sports,surfing
ğŸš£,sports,boating
ğŸš£â€â™‚ï¸,sports,boating
ğŸš£â€â™€ï¸,sports,boating
ğŸŠ,sports,swimming
ğŸŠâ€â™‚ï¸,sports,swimming
ğŸŠâ€â™€ï¸,sports,swimming
â›¹ï¸,sports,bouncing ball
â›¹ï¸â€â™‚ï¸,sports,bouncing ball
â›¹ï¸â€â™€ï¸,sports,bouncing ball
ğŸ‹ï¸,sports,lifting weights
ğŸ‹ï¸â€â™‚ï¸,sports,lifting weights
ğŸ‹ï¸â€â™€ï¸,sports,lifting weights
ğŸš´,sports,biking
ğŸš´â€â™‚ï¸,sports,biking
ğŸš´â€â™€ï¸,sports,biking
ğŸšµ,sports,mountain biking
ğŸšµâ€â™‚ï¸,sports,mountain biking
ğŸšµâ€â™€ï¸,sports,mountain biking
ğŸ¤¸,sports,cartwheeling
ğŸ¤¸â€â™‚ï¸,sports,cartwheeling
ğŸ¤¸â€â™€ï¸,sports,cartwheeling
ğŸ¤¼,sports,wrestling
ğŸ¤¼â€â™‚ï¸,sports,wrestling
ğŸ¤¼â€â™€ï¸,sports,wrestling
ğŸ¤¾,sports,playing handball
ğŸ¤¾â€â™‚ï¸,sports,playing handball
ğŸ¤¾â€â™€ï¸,sports,playing handball
ğŸ¤¹,sports,juggling
ğŸ¤¹â€â™‚ï¸,sports,juggling
ğŸ¤¹â€â™€ï¸,sports,juggling
ğŸ§˜,sports,in lotus position
ğŸ§˜â€â™‚ï¸,sports,in lotus position
ğŸ§˜â€â™€ï¸,sports,in lotus position
ğŸ›¹,sports,skateboard
ğŸ›¼,sports,roller skate
ğŸ›¶,sports,canoe
ğŸ–ï¸,sports,medal
ğŸ†,sports,trophy
ğŸ…,sports,medal
ğŸ¥‡,sports,medal
ğŸ¥ˆ,sports,medal
ğŸ¥‰,sports,medal
âš½,sports,soccer ball
âš¾,sports,baseball
ğŸ¥,sports,softball
ğŸ€,sports,basketball
ğŸ,sports,volleyball
ğŸˆ,sports,american football
ğŸ‰,sports,rugby football
ğŸ¾,sports,tennis
ğŸ¥,sports,flying disc
ğŸ³,sports,bowling
ğŸ,sports,cricket game
ğŸ‘,sports,field hockey
ğŸ’,sports,ice hockey
ğŸ¥,sports,lacrosse
ğŸ“,sports,ping pong
ğŸ¸,sports,badminton
ğŸ¥Š,sports,boxing
ğŸ¥‹,sports,martial arts
ğŸ¥…,sports,goal net
â›³,sports,flag in hole
â›¸ï¸,sports,ice skate
ğŸ£,sports,fishing
ğŸ½,sports,running shirt
ğŸ¿,sports,skis
ğŸ›·,sports,sled
ğŸ¥Œ,sports,curling stone
ğŸ¯,sports,bullseye
ğŸ®,sports,video game
ğŸ°,sports,slot machine
ğŸ¨,sports,palette
ğŸ¼,sports,musical score
ğŸ¤,sports,microphone
ğŸ§,sports,headphone
ğŸ·,sports,saxophone
ğŸª—,sports,accordion
ğŸ¸,sports,guitar
ğŸ¹,sports,musical keyboard
ğŸº,sports,trumpet
ğŸ»,sports,violin
ğŸ¥,sports,drum
ğŸª˜,sports,long drum
ğŸ¬,sports,clapper board
ğŸ¹,sports,bow and arrow
ğŸ—¾,travel,Japan
ğŸ”ï¸,travel,mountain
â›°ï¸,travel,mountain
ğŸŒ‹,travel,volcano
ğŸ—»,travel,mount fuji
ğŸ•ï¸,travel,camping
ğŸ–ï¸,travel,beach
ğŸœï¸,travel,desert
ğŸï¸,travel,desert island
ğŸï¸,travel,national park
ğŸŸï¸,travel,stadium
ğŸ›ï¸,travel,classical building
ğŸ—ï¸,travel,building construction
ğŸ˜ï¸,travel,houses
ğŸšï¸,travel,house
ğŸ ,travel,house
ğŸ¡,travel,house
ğŸ¢,travel,office building
ğŸ£,travel,post office
ğŸ¥,travel,hospital
ğŸ¦,travel,bank
ğŸ¨,travel,hotel
ğŸª,travel,convenience store
ğŸ«,travel,school
ğŸ¬,travel,department store
ğŸ­,travel,factory
ğŸ¯,travel,castle
ğŸ°,travel,castle
ğŸ’’,travel,wedding
ğŸ—¼,travel,tokyo tower
â›ª,travel,church
â›©ï¸,travel,shrine
â›²,travel,fountain
â›º,travel,tent
ğŸŒ,travel,foggy
ğŸŒ„,travel,sunrise
ğŸŒ…,travel,sunrise
ğŸŒ‡,travel,sunset
ğŸ¡,travel,ferris wheel
ğŸ¢,travel,roller coaster
ğŸš†,travel,train
ğŸš‡,travel,metro
ğŸš‰,travel,station
ğŸš,travel,monorail
ğŸšŒ,travel,bus
ğŸš,travel,bus
ğŸš‘,travel,ambulance
ğŸš’,travel,fire engine
ğŸš“,travel,police car
ğŸš”,travel,police car
ğŸš•,travel,taxi
ğŸš–,travel,taxi
ğŸš—,travel,automobile
ğŸš˜,travel,automobile
ğŸ›»,travel,pickup truck
ğŸšš,travel,delivery truck
ğŸšœ,travel,tractor
ğŸï¸,travel,racing car
ğŸï¸,travel,motorcycle
ğŸ›µ,travel,motor scooter
ğŸš²,travel,bicycle
ğŸ›´,travel,kick scooter
ğŸš,travel,bus stop
ğŸ›£ï¸,travel,motorway
ğŸ›¤ï¸,travel,railway track
â›½,travel,fuel pump
ğŸš¥,travel,traffic light
ğŸš¦,travel,traffic light
ğŸš§,travel,construction
âš“,travel,anchor
â›µ,travel,sailboat
ğŸš¤,travel,speedboat
ğŸ›³ï¸,travel,ship
â›´ï¸,travel,ferry
ğŸ›¥ï¸,travel,motor boat
ğŸš¢,travel,ship
âœˆï¸,travel,airplane
ğŸ›©ï¸,travel,airplane
ğŸ›«,travel,airplane
ğŸ›¬,travel,airplane
ğŸª‚,travel,parachute
ğŸ’º,travel,seat
ğŸš,travel,helicopter
ğŸ›°ï¸,travel,satellite
ğŸš€,travel,rocket
ğŸª,travel,planet
ğŸŒ ,travel,shooting star
ğŸŒŒ,travel,milky way
ğŸ†,travel,fireworks
ğŸ‡,travel,sparkler
ğŸ—¿,travel,moai
ğŸ’Œ,objects,love letter,ãƒ©ãƒ–ãƒ¬ã‚¿ãƒ¼,ãƒ©ãƒ–ãƒ¬ã‚¿ãƒ¼
ğŸ•³ï¸,objects,hole,ç©´,ã‚ãª
ğŸ’£,objects,bomb,çˆ†å¼¾,ã°ãã ã‚“
ğŸ›€,objects,take bath,é¢¨å‘‚,ãµã‚
ğŸ›Œ,objects,go to bed,ãƒ™ãƒƒãƒ‰,ãƒ™ãƒƒãƒ‰
ğŸ”ª,objects,kitchen knife,ã‚­ãƒƒãƒãƒ³ãƒŠã‚¤ãƒ•,ã‚­ãƒƒãƒãƒ³ãƒŠã‚¤ãƒ•
ğŸ—ºï¸,objects,world map,ä¸–ç•Œåœ°å›³,ã›ã‹ã„ã¡ãš
ğŸ§­,objects,compass,ã‚³ãƒ³ãƒ‘ã‚¹,ã‚³ãƒ³ãƒ‘ã‚¹
ğŸ§±,objects,brick,ãƒ¬ãƒ³ã‚¬,ãƒ¬ãƒ³ã‚¬
ğŸ’ˆ,objects,barber,åºŠå±‹,ã¨ã“ã‚„
ğŸ¦½,objects,manual wheel chair,è»Šæ¤…å­,ãã‚‹ã¾ã„ã™
ğŸ¦¼,objects,motorized wheel chair,é›»å‹•è»Šæ¤…å­,ã§ã‚“ã©ã†ãã‚‹ã¾ã„ã™
ğŸ›¢ï¸,objects,drum,ãƒ‰ãƒ©ãƒ ç¼¶,ãƒ‰ãƒ©ãƒ ã‹ã‚“
ğŸ›ï¸,objects,bellhop bell,å‘¼ã³éˆ´,ã‚ˆã³ã‚Šã‚“
ğŸ§³,objects,luggage,è·ç‰©,ã«ã‚‚ã¤
âŒ›,objects,hourglass,ç ‚æ™‚è¨ˆ
â³,objects,hourglass,ç ‚æ™‚è¨ˆ
âŒš,objects,watch,æ™‚è¨ˆ,ã¨ã‘ã„
â°,objects,alarm clock,ã‚¢ãƒ©ãƒ¼ãƒ ,ã‚¢ãƒ©ãƒ¼ãƒ 
â±ï¸,objects,stopwatch,ã‚¹ãƒˆãƒƒãƒ—ã‚¦ã‚©ãƒƒãƒ,ã‚¹ãƒˆãƒƒãƒ—ã‚¦ã‚©ãƒƒãƒ
â²ï¸,objects,timer clock,ã‚¿ã‚¤ãƒãƒ¼,ã‚¿ã‚¤ãƒãƒ¼
ğŸ•°ï¸,objects,mantelpiece clock,ç½®ãæ™‚è¨ˆ,ãŠãã©ã‘ã„
ğŸŒ¡ï¸,objects,thermometer,æ¸©åº¦è¨ˆ,ãŠã‚“ã©ã‘ã„
â›±ï¸,objects,beach parasol,ãƒ‘ãƒ©ã‚½ãƒ«,ãƒ‘ãƒ©ã‚½ãƒ«
ğŸ§¨,objects,firecracker,çˆ†ç«¹,ã°ãã¡ã
ğŸˆ,objects,balloon,é¢¨èˆ¹,ãµã†ã›ã‚“
ğŸ‰,objects,party popper,ã‚¯ãƒ©ãƒƒã‚«ãƒ¼,ã‚¯ãƒ©ãƒƒã‚«ãƒ¼
ğŸŠ,objects,confetti ball,ãã™ç‰,ãã™ã ã¾
ğŸ,objects,Japanese dolls,é››äººå½¢,ã²ãªã«ã‚“ãã‚‡ã†
ğŸ,objects,carp streamers,é¯‰ã®ã¼ã‚Š,ã“ã„ã®ã¼ã‚Š
ğŸ,objects,wind chime
ğŸ€,objects,ribbon
ğŸ,objects,wrapped gift
ğŸ¤¿,objects,diving mask
ğŸª€,objects,yo-yo
ğŸª,objects,kite
ğŸª„,objects,magic wand
ğŸ•¹ï¸,objects,joystick
ğŸ§¸,objects,teddy bear
ğŸª†,objects,nesting dolls
ğŸ–¼ï¸,objects,framed picture
ğŸ›ï¸,objects,shopping bags
ğŸ’,objects,gem stone
ğŸ“±,necessaries,mobile phone
ğŸ”‹,necessaries,battery
ğŸ”Œ,necessaries,electric plug
ğŸ’»,necessaries,laptop
ğŸ–¥ï¸,necessaries,desktop computer
ğŸ–¨ï¸,necessaries,printer
âŒ¨ï¸,necessaries,keyboard
ğŸ–±ï¸,necessaries,computer mouse
ğŸ–²ï¸,necessaries,trackball
ğŸ§®,necessaries,abacus
ğŸ¥,necessaries,movie camera
ğŸ“º,necessaries,television
ğŸ“·,necessaries,camera
ğŸ“¸,necessaries,camera
ğŸ“¹,necessaries,video camera
ğŸ”,necessaries,magnifying glass
ğŸ”,necessaries,magnifying glass
ğŸ•¯ï¸,necessaries,candle
ğŸ’¡,necessaries,light bulb
ğŸ”¦,necessaries,flashlight
ğŸ“”,necessaries,notebook
ğŸ“•,necessaries,book
ğŸ“–,necessaries,book
ğŸ“—,necessaries,book
ğŸ“˜,necessaries,book
ğŸ“™,necessaries,book
ğŸ“š,necessaries,books
ğŸ““,necessaries,notebook
ğŸ·ï¸,necessaries,label
ğŸ’°,necessaries,money bag
ğŸª™,necessaries,coin
ğŸ’´,necessaries,banknote
ğŸ’µ,necessaries,banknote
ğŸ’¶,necessaries,banknote
ğŸ’·,necessaries,banknote
ğŸ’³,necessaries,credit card
ğŸ§¾,necessaries,receipt
âœ‰ï¸,necessaries,envelope
ğŸ“®,necessaries,postbox
âœï¸,necessaries,pencil
ğŸ–Šï¸,necessaries,pen
ğŸ–Œï¸,necessaries,paintbrush
ğŸ–ï¸,necessaries,crayon
ğŸ“,necessaries,memo
ğŸ“…,necessaries,calendar
ğŸ“†,necessaries,calendar
ğŸ—“ï¸,necessaries,calendar
ğŸ“‹,necessaries,clipboard
ğŸ“Œ,necessaries,pushpin
ğŸ“,necessaries,pushpin
ğŸ“,necessaries,paperclip
ğŸ–‡ï¸,necessaries,paperclips
ğŸ“,necessaries,ruler
ğŸ“,necessaries,ruler
âœ‚ï¸,necessaries,scissors
ğŸ—ƒï¸,necessaries,card file box
ğŸ—„ï¸,necessaries,file cabinet
ğŸ—‘ï¸,necessaries,wastebasket
ğŸ”’,necessaries,locked
ğŸ”“,necessaries,unlocked
ğŸ”‘,necessaries,key
ğŸ—ï¸,necessaries,key
ğŸ”¨,objects,hammer
ğŸª“,objects,axe
â›ï¸,objects,pick
ğŸ—¡ï¸,objects,dagger
âš”ï¸,objects,crossed swords
ğŸ”«,objects,water pistol
ğŸªƒ,objects,boomerang
ğŸ›¡ï¸,objects,shield
ğŸ”—,objects,link
â›“ï¸,objects,chains
ğŸª,objects,hook
ğŸ§°,objects,toolbox
ğŸ§²,objects,magnet
ğŸªœ,objects,ladder
ğŸ’‰,objects,syringe
ğŸ’Š,objects,pill
ğŸ©¹,objects,adhesive bandage
ğŸšª,objects,door
ğŸª,objects,mirror
ğŸªŸ,objects,window
ğŸ›ï¸,objects,bed
ğŸ›‹ï¸,objects,couch and lamp
ğŸª‘,objects,chair
ğŸš½,objects,toilet
ğŸª ,objects,plunger
ğŸš¿,objects,shower
ğŸ›,objects,bathtub
ğŸª’,objects,razor
ğŸ§´,objects,lotion bottle
ğŸ§·,objects,safety pin
ğŸ§¹,objects,broom
ğŸ§º,objects,basket
ğŸ§»,objects,roll of paper
ğŸª£,objects,bucket
ğŸ§¼,objects,soap
ğŸª¥,objects,toothbrush
ğŸ§½,objects,sponge
ğŸ§¯,objects,fire extinguisher
ğŸ›’,objects,shopping cart
ğŸš¬,objects,cigarette
ğŸª§,objects,placard
â™¨ï¸,symbols,hot springs
ğŸ’ˆ,symbols,barber pole
ğŸ•›,symbols,twelve oâ€™clock
ğŸ•§,symbols,twelve-thirty
ğŸ•,symbols,one oâ€™clock
ğŸ•œ,symbols,one-thirty
ğŸ•‘,symbols,two oâ€™clock
ğŸ•,symbols,two-thirty
ğŸ•’,symbols,three oâ€™clock
ğŸ•,symbols,three-thirty
ğŸ•“,symbols,four oâ€™clock
ğŸ•Ÿ,symbols,four-thirty
ğŸ•”,symbols,five oâ€™clock
ğŸ• ,symbols,five-thirty
ğŸ••,symbols,six oâ€™clock
ğŸ•¡,symbols,six-thirty
ğŸ•–,symbols,seven oâ€™clock
ğŸ•¢,symbols,seven-thirty
ğŸ•—,symbols,eight oâ€™clock
ğŸ•£,symbols,eight-thirty
ğŸ•˜,symbols,nine oâ€™clock
ğŸ•¤,symbols,nine-thirty
ğŸ•™,symbols,ten oâ€™clock
ğŸ•¥,symbols,ten-thirty
ğŸ•š,symbols,eleven oâ€™clock
ğŸ•¦,symbols,eleven-thirty
ğŸŒ€,symbols,cyclone
â™ ï¸,symbols,spade
â™¥ï¸,symbols,heart
â™¦ï¸,symbols,diamond
ğŸ“¢,symbols,loudspeaker
ğŸ“£,symbols,megaphone
ğŸ””,symbols,bell
â¬†ï¸,symbols,up
â†—ï¸,symbols,up-right
â¡ï¸,symbols,right
â†˜ï¸,symbols,down-right
â¬‡ï¸,symbols,down
â†™ï¸,symbols,down-left
â¬…ï¸,symbols,left
â†–ï¸,symbols,up-left