👋,人,te,て,手
🦵,人,ashi,あし,足
🦶,人,ashi,あし,足
👂,人,mimi,みみ,耳
🦻,人,mimi,みみ,耳
👃,人,hana,はな,鼻
🧠,人,nou,のう,脳
🫀,人,shinnzou,しんぞう,心臓
🦷,人,ha,は,歯
🦴,人,hone,ほね,骨
👀,人,me,め,目
👁️,人,me,め,目
👅,人,shita,した,舌
👄,人,kuchi,くち,口
👶,人,akachann,あかちゃん,赤ちゃん
🧒,人,kodomo,こども,子ども
👦,人,otokonoko,おとこのこ,男の子
👧,人,onnnanoko,おんなのこ,女の子
👨,人,otoko,おとこ,男
👨‍🦰,人,otoko,おとこ,男
👨‍🦱,人,otoko,おとこ,男
👨‍🦳,人,otoko,おとこ,男
👨‍🦲,人,otoko,おとこ,男
👩,人,onnna,おんな,女
👩‍🦰,人,onnna,おんな,女
👩‍🦱,人,onnna,おんな,女
👩‍🦳,人,onnna,おんな,女
👩‍🦲,人,onnna,おんな,女
👱‍♀️,人,onnna,おんな,女
👱‍♂️,人,otoko,おとこ,男
👴,人,ojiisann,おじいさん,おじいさん
👵,人,obaasann,おばあさん,おばあさん
🧑‍🎓,人,gakusei,がくせい,学生
👨‍🎓,人,gakusei,がくせい,学生
👩‍🎓,人,gakusei,がくせい,学生
🧑‍🏫,人,sennsei,せんせい,先生
👨‍🏫,人,sennsei,せんせい,先生
👩‍🏫,人,sennsei,せんせい,先生
🧑‍⚖️,人,saibannkann,さいばんかん,裁判官
👨‍⚖️,人,saibannkann,さいばんかん,裁判官
👩‍⚖️,人,saibannkann,さいばんかん,裁判官
🧑‍🌾,人,nouka,のうか,農家
👨‍🌾,人,nouka,のうか,農家
👩‍🌾,人,nouka,のうか,農家
🧑‍🍳,人,ryourininn,りょうりにん,料理人
👨‍🍳,人,ryourininn,りょうりにん,料理人
👩‍🍳,人,ryourininn,りょうりにん,料理人
🧑‍🔧,人,seibishi,せいびし,整備士
👨‍🔧,人,seibishi,せいびし,整備士
👩‍🔧,人,seibishi,せいびし,整備士
🧑‍🔬,人,kagakusha,かがくしゃ,科学者
👨‍🔬,人,kagakusha,かがくしゃ,科学者
👩‍🔬,人,kagakusha,かがくしゃ,科学者
🧑‍💻,人,gijutsusha,ぎじゅつしゃ,技術者
👨‍💻,人,gijutsusha,ぎじゅつしゃ,技術者
👩‍💻,人,gijutsusha,ぎじゅつしゃ,技術者
🧑‍🎤,人,kashu,かしゅ,歌手
👨‍🎤,人,kashu,かしゅ,歌手
👩‍🎤,人,kashu,かしゅ,歌手
🧑‍🎨,人,geijutsuka,げいじゅつか,芸術家
👨‍🎨,人,geijutsuka,げいじゅつか,芸術家
👩‍🎨,人,geijutsuka,げいじゅつか,芸術家
🧑‍✈️,人,pairotto,パイロット,パイロット
👨‍✈️,人,pairotto,パイロット,パイロット
👩‍✈️,人,pairotto,パイロット,パイロット
🧑‍🚀,人,uchuuhikoushi,うちゅうひこうし,宇宙飛行士
👨‍🚀,人,uchuuhikoushi,うちゅうひこうし,宇宙飛行士
👩‍🚀,人,uchuuhikoushi,うちゅうひこうし,宇宙飛行士
🧑‍🚒,人,shouboushi,しょうぼうし,消防士
👨‍🚒,人,shouboushi,しょうぼうし,消防士
👩‍🚒,人,shouboushi,しょうぼうし,消防士
👮,人,keisatsukann,けいさつかん,警察官
👮‍♂️,人,keisatsukann,けいさつかん,警察官
👮‍♀️,人,keisatsukann,けいさつかん,警察官
🕵️,人,tanntei,たんてい,探偵
🕵️‍♂️,人,tanntei,たんてい,探偵
🕵️‍♀️,人,tanntei,たんてい,探偵
💂,人,goei,ごえい,護衛
💂‍♂️,人,goei,ごえい,護衛
💂‍♀️,人,goei,ごえい,護衛
🥷,人,ninnja,にんじゃ,忍者
🤴,人,oujisama,おうじさま,王子様
👸,人,ohimesama,おひめさま,お姫様
🚶,人,aruku,あるく,歩く
🚶‍♂️,人,aruku,あるく,歩く
🚶‍♀️,人,aruku,あるく,歩く
🧍,人,tatsu,たつ,立つ
🧍‍♂️,人,tatsu,たつ,立つ
🧍‍♀️,人,tatsu,たつ,立つ
🏃,人,hashiru,はしる,走る
🏃‍♂️,人,hashiru,はしる,走る
🏃‍♀️,人,hashiru,はしる,走る
💃,人,dannsa-,ダンサー,ダンサー
🕺,人,dannsa-,ダンサー,ダンサー
👪,人,kazoku,かぞく,家族
👨‍👩‍👦,人,kazoku,かぞく,家族
👨‍👩‍👧,人,kazoku,かぞく,家族
👨‍👩‍👧‍👦,人,kazoku,かぞく,家族
👨‍👩‍👦‍👦,人,kazoku,かぞく,家族
👨‍👩‍👧‍👧,人,kazoku,かぞく,家族
👨‍👨‍👦,人,kazoku,かぞく,家族
👨‍👨‍👧,人,kazoku,かぞく,家族
👨‍👨‍👧‍👦,人,kazoku,かぞく,家族
👨‍👨‍👦‍👦,人,kazoku,かぞく,家族
👨‍👨‍👧‍👧,人,kazoku,かぞく,家族
👩‍👩‍👦,人,kazoku,かぞく,家族
👩‍👩‍👧,人,kazoku,かぞく,家族
👩‍👩‍👧‍👦,人,kazoku,かぞく,家族
👩‍👩‍👦‍👦,人,kazoku,かぞく,家族
👩‍👩‍👧‍👧,人,kazoku,かぞく,家族
🌂,服,kasa,かさ,かさ
☂️,服,kasa,かさ,かさ
👓,服,megane,メガネ,メガネ
🕶️,服,sanngurasu,サングラス,サングラス
🥽,服,go-guru,ゴーグル,ゴーグル
🥼,服,hakui,はくい,白衣
🦺,服,besuto,ベスト,ベスト
👔,服,nekutai,ネクタイ,ネクタイ
👕,服,Tshatsu,Tシャツ,Tシャツ
👖,服,ji-nnzu,ジーンズ,ジーンズ
🧣,服,suka-fu,スカーフ,スカーフ
🧤,服,tebukuro,てぶくろ,手ぶくろ
🧥,服,ko-to,コート,コート
🧦,服,kutsushita,くつした,くつ下
👗,服,doresu,ドレス,ドレス
👘,服,kimono,きもの,着物
🩱,服,mizugi,みずぎ,水着
🩲,服,buri-fu,ブリーフ,ブリーフ
🩳,服,sho-topanntsu,ショートパンツ,ショートパンツ
👙,服,bikini,ビキニ,ビキニ
👚,服,youfuku,ようふく,洋服
👛,服,saifu,さいふ,財布
👜,服,hanndobaggu,ハンドバッグ,ハンドバッグ
👝,服,po-chi,ポーチ,ポーチ
🎒,服,ryukkusakku,リュックサック,リュックサック
🩴,服,sanndaru,サンダル,サンダル
👞,服,kutsu,くつ,くつ
👟,服,kutsu,くつ,くつ
🥾,服,kutsu,くつ,くつ
🥿,服,kutsu,くつ,くつ
👠,服,kutsu,くつ,くつ
👡,服,sanndaru,サンダル,サンダル
🩰,服,kutsu,くつ,くつ
👢,服,bu-tsu,ブーツ,ブーツ
👑,服,oukann,おうかん,王冠
👒,服,boushi,ぼうし,帽子
🎩,服,shirukuhatto,シルクハット,シルクハット
🎓,服,sotsugyoubou,そつぎょうぼう,卒業帽
🧢,服,kyappu,キャップ,キャップ
🪖,服,herumetto,ヘルメット,ヘルメット
⛑️,服,annzennbou,あんぜんぼう,安全帽
💄,服,kuchibeni,くちべに,口紅
💍,服,yubiwa,ゆびわ,指輪
💼,服,buri-fuke-su,ブリーフケース,ブリーフケース
🐵,動物,saru,サル,サル
🐒,動物,saru,サル,サル
🦍,動物,gorira,ゴリラ,ゴリラ
🦧,動物,orannu-tann,オランウータン,オランウータン
🐶,動物,inu,イヌ,犬
🐕,動物,inu,イヌ,犬
🦮,動物,inu,イヌ,犬
🐕‍🦺,動物,inu,イヌ,犬
🐩,動物,pu-doru,プードル,プードル
🐺,動物,ookami,オオカミ,オオカミ
🦊,動物,kitsune,キツネ,キツネ
🦝,動物,araiguma,アライグマ,アライグマ
🐱,動物,neko,ネコ,ネコ
🐈,動物,neko,ネコ,ネコ
🐈‍⬛,動物,neko,ネコ,ネコ
🦁,動物,raionn,ライオン,ライオン
🐯,動物,tora,トラ,トラ
🐅,動物,tora,トラ,トラ
🐆,動物,hyou,ヒョウ,ヒョウ
🐴,動物,uma,ウマ,馬
🐎,動物,uma,ウマ,馬
🦄,動物,yuniko-nn,ユニコーン,ユニコーン
🦓,動物,shimauma,シマウマ,シマウマ
🦌,動物,shika,シカ,鹿
🐮,動物,ushi,ウシ,牛
🐄,動物,mesuushi,めすウシ,めす牛
🐷,動物,buta,ブタ,豚
🐖,動物,buta,ブタ,豚
🦒,動物,kirinn,キリン,キリン
🐘,動物,zou,ゾウ,象
🦣,動物,mannmosu,マンモス,マンモス
🐭,動物,nezumi,ネズミ,ネズミ
🐁,動物,nezumi,ネズミ,ネズミ
🐀,動物,ratto,ラット,ラット
🐹,動物,hamusuta-,ハムスター,ハムスター
🐰,動物,usagi,ウサギ,ウサギ
🐇,動物,usagi,ウサギ,ウサギ
🦇,動物,koumori,コウモリ,コウモリ
🐻,動物,kuma,クマ,クマ
🐻‍❄️,動物,kuma,クマ,クマ
🐨,動物,koara,コアラ,コアラ
🐼,動物,pannda,パンダ,パンダ
🦥,動物,namakemono,ナマケモノ,ナマケモノ
🦨,動物,sukannku,スカンク,スカンク
🦘,動物,kanngaru-,カンガルー,カンガルー
🐔,動物,niwatori,ニワトリ,ニワトリ
🐣,動物,hiyoko,ヒヨコ,ヒヨコ
🐤,動物,hiyoko,ヒヨコ,ヒヨコ
🐥,動物,hiyoko,ヒヨコ,ヒヨコ
🐦,動物,tori,とり,鳥
🐧,動物,pennginn,ペンギン,ペンギン
🦆,動物,kamo,カモ,カモ
🦢,動物,hakuchou,はくちょう,白鳥
🦉,動物,fukurou,フクロウ,フクロウ
🪶,動物,hane,はね,羽
🦩,動物,furaminngo,フラミンゴ,フラミンゴ
🦜,動物,oumu,オウム,オウム
🐸,動物,kaeru,カエル,カエル
🐊,動物,wani,ワニ,ワニ
🐢,動物,kame,カメ,カメ
🦎,動物,tokage,トカゲ,トカゲ
🐍,動物,hebi,ヘビ,ヘビ
🐲,動物,doragonn,ドラゴン,ドラゴン
🐉,動物,doragonn,ドラゴン,ドラゴン
🦕,動物,kyouryuu,きょうりゅう,草食恐竜
🦖,動物,kyouryuu,きょうりゅう,肉食恐竜
🐳,動物,kujira,クジラ,クジラ
🐋,動物,kujira,クジラ,クジラ
🐬,動物,iruka,イルカ,イルカ
🦭,動物,azarashi,アザラシ,アザラシ
🐟,動物,sakana,さかな,魚
🐠,動物,sakana,さかな,魚
🦈,動物,same,サメ,サメ
🐙,動物,tako,タコ,タコ
🐚,動物,makigai,まきがい,巻貝
🐌,動物,katatsumuri,カタツムリ,カタツムリ
🦋,動物,choucho,ちょうちょ,ちょうちょ
🐛,動物,kemushi,けむし,毛虫
🐜,動物,ari,アリ,アリ
🐝,動物,mitsubachi,ミツバチ,ミツバチ
🪲,動物,kouchuu,こうちゅう,甲虫
🐞,動物,tenntoumushi,てんとうむし,てんとう虫
🦗,動物,koorogi,コオロギ,コオロギ
🪳,動物,gokiburi,ゴキブリ,ゴキブリ
🕷️,動物,kumo,クモ,クモ
🕸️,動物,kumonosu,クモのす,クモの巣
🦂,動物,sasori,サソリ,サソリ
🦟,動物,ka,か,蚊
🪰,動物,hae,ハエ,ハエ
🪱,動物,mimizu,ミミズ,ミミズ
💐,自然,hanataba,はなたば,花束
🌸,自然,hana,はな,花
💮,自然,hana,はな,花
🏵️,自然,hana,はな,花
🌹,自然,hana,はな,花
🌺,自然,hana,はな,花
🌻,自然,himawari,ひまわり,ひまわり
🌼,自然,hana,はな,花
🌷,自然,chu-rippu,チューリップ,チューリップ
🪴,自然,hachiue,はちうえ,はち植え
🌲,自然,ki,き,木
🌳,自然,ki,き,木
🌴,自然,ki,き,木
🌿,自然,ha,は,葉
☘️,自然,ha,は,葉
🍀,自然,ha,は,葉
🍁,自然,ha,は,葉
🍂,自然,ha,は,葉
🍃,自然,ha,は,葉
🍄,食べ物,kinoko,キノコ,キノコ
🦀,自然,kani,カニ,カニ
🦞,自然,robusuta-,ロブスター,ロブスター
🦐,自然,ebi,エビ,エビ
🦑,自然,ika,イカ,イカ
🪨,自然,iwa,いわ,岩
🌙,自然,tsuki,つき,月
🌛,自然,tsuki,つき,月
🌜,自然,tsuki,つき,月
☀️,自然,taiyou,たいよう,太陽
🌞,自然,taiyou,たいよう,太陽
⭐,自然,hoshi,ほし,星
🌟,自然,hoshi,ほし,星
🌠,自然,hoshi,ほし,星
☁️,自然,kumori,くもり,くもり
🌧️,自然,ame,あめ,雨
🌨️,自然,yuki,ゆき,雪
🌩️,自然,kaminari,かみなり,雷
🌪️,自然,tatsumaki,たつまき,竜巻
🌫️,自然,kiri,きり,霧
🌈,自然,niji,にじ,虹
☂️,自然,kasa,かさ,かさ
⚡,自然,kaminari,かみなり,雷
❄️,自然,yukinokesshou,ゆきのけっしょう,雪の結晶
☃️,自然,yukidaruma,ゆきだるま,雪だるま
⛄,自然,yukidaruma,ゆきだるま,雪だるま
☄️,自然,suisei,すいせい,彗星
🔥,自然,honoo,ほのお,炎
🌊,自然,nami,なみ,波
🍇,食べ物,budou,ぶどう,ぶどう
🍈,食べ物,meronn,メロン,メロン
🍉,食べ物,suika,スイカ,スイカ
🍋,食べ物,remonn,レモン,レモン
🍌,食べ物,banana,バナナ,バナナ
🍍,食べ物,painappuru,パイナップル,パイナップル
🥭,食べ物,manngo-,マンゴー,マンゴー
🍎,食べ物,akarinngo,あかりんご,赤りんご
🍏,食べ物,aorinngo,あおりんご,青りんご
🍐,食べ物,younashi,ようなし,洋ナシ
🍑,食べ物,momo,もも,桃
🍒,食べ物,sakurannbo,サクランボ,サクランボ
🍓,食べ物,ichigo,イチゴ,イチゴ
🫐,食べ物,buru-beri-,ブルーベリー,ブルーベリー
🥝,食べ物,kiui,キウイ,キウイ
🍅,食べ物,tomato,トマト,トマト
🫒,食べ物,ori-bu,オリーブ,オリーブ
🥥,食べ物,kokonattsu,ココナッツ,ココナッツ
🥑,食べ物,abokado,アボカド,アボカド
🍆,食べ物,nasu,ナス,ナス
🥔,食べ物,jagaimo,ジャガイモ,ジャガイモ
🥕,食べ物,ninnjinn,ニンジン,ニンジン
🌽,食べ物,toumorokoshi,トウモロコシ,トウモロコシ
🌶️,食べ物,tougarashi,とうがらし,とうがらし
🫑,食べ物,pi-mann,ピーマン,ピーマン
🥒,食べ物,kyuuri,キュウリ,キュウリ
🥬,食べ物,hamonoyasai,はものやさい,葉物野菜
🥦,食べ物,burokkori-,ブロッコリー,ブロッコリー
🧄,食べ物,ninnniku,ニンニク,ニンニク
🧅,食べ物,tamanegi,タマネギ,タマネギ
🍄,食べ物,kinoko,きのこ,きのこ
🥜,食べ物,pi-nattsu,ピーナッツ,ピーナッツ
🌰,食べ物,kuri,くり,栗
🍞,食べ物,pann,パン,パン
🥐,食べ物,pann,パン,パン
🥖,食べ物,pann,パン,パン
🫓,食べ物,pann,パン,パン
🥨,食べ物,pann,パン,パン
🥯,食べ物,be-guru,ベーグル,ベーグル
🥞,食べ物,pannke-ki,パンケーキ,パンケーキ
🧇,食べ物,waffuru,ワッフル,ワッフル
🧀,食べ物,chi-zu,チーズ,チーズ
🍖,食べ物,niku,にく,肉
🍗,食べ物,niku,にく,肉
🥩,食べ物,niku,にく,肉
🥓,食べ物,be-konn,ベーコン,ベーコン
🍔,食べ物,hannba-ga-,ハンバーガー,ハンバーガー
🍟,食べ物,furaidopoteto,フライドポテト,フライドポテト
🍕,食べ物,piza,ピザ,ピザ
🌭,食べ物,hottodoggu,ホットドッグ,ホットドッグ
🥪,食べ物,sanndoicchi,サンドイッチ,サンドイッチ
🌮,食べ物,takosu,タコス,タコス
🥚,食べ物,tamago,たまご,卵
🥗,食べ物,sarada,サラダ,サラダ
🍿,食べ物,poppuko-nn,ポップコーン,ポップコーン
🧈,食べ物,bata-,バター,バター
🧂,食べ物,shio,しお,塩
🍱,食べ物,benntoubako,べんとうばこ,弁当箱
🍘,食べ物,sennbei,せんべい,せんべい
🍙,食べ物,onigiri,おにぎり,おにぎり
🍚,食べ物,gohann,ごはん,ごはん
🍛,食べ物,kare-raisu,カレーライス,カレーライス
🍜,食べ物,donnburi,どんぶり,どんぶり
🍝,食べ物,supagetthi,スパゲッティ,スパゲッティ
🍢,食べ物,odenn,おでん,おでん
🍣,食べ物,sushi,すし,寿司
🍤,食べ物,ebifurai,エビフライ,エビフライ
🥮,食べ物,geppei,げっぺい,月餅
🍡,食べ物,danngo,だんご,だんご
🥟,食べ物,shouronnpou,しょうろんぽう,小籠包
🥡,食べ物,teikuautobokkusu,テイクアウトボックス,テイクアウトボックス
🦪,食べ物,kaki,カキ,カキ
🍦,食べ物,sofutokuri-mu,ソフトクリーム,ソフトクリーム
🍧,食べ物,kakigoori,かきごおり,かき氷
🍨,食べ物,aisukuri-mu,アイスクリーム,アイスクリーム
🍩,食べ物,do-natsu,ドーナツ,ドーナツ
🍪,食べ物,kukki-,クッキー,クッキー
🎂,食べ物,ke-ki,ケーキ,ケーキ
🍰,食べ物,ke-ki,ケーキ,ケーキ
🧁,食べ物,ke-ki,ケーキ,ケーキ
🥧,食べ物,pai,パイ,パイ
🍫,食べ物,chokore-to,チョコレート,チョコレート
🍬,食べ物,ame,あめ,あめ
🍭,食べ物,peroperokyanndhi,ペロペロキャンディ,ペロペロキャンディ
🍮,食べ物,purinn,プリン,プリン
🍯,食べ物,hachimitsu,はちみつ,はちみつ
🥛,食べ物,gyuunyuu,ぎゅうにゅう,牛乳
🫖,食べ物,thi-potto,ティーポット,ティーポット
🍵,食べ物,yunomi,ゆのみ,湯呑み
🍶,食べ物,nihonnshu,にほんしゅ,日本酒
🍷,食べ物,gurasu,グラス,グラス
🍸,食べ物,gurasu,グラス,グラス
🍹,食べ物,nomimono,のみもの,飲み物
🍺,食べ物,bi-ru,ビール,ビール
🍻,食べ物,bi-ru,ビール,ビール
🧊,食べ物,koori,こおり,氷
🥢,食べ物,hashi,はし,箸
🥄,食べ物,supu-nn,スプーン,スプーン
🧗,スポーツ,kuraiminngu,クライミング,クライミング
🧗‍♂️,スポーツ,kuraiminngu,クライミング,クライミング
🧗‍♀️,スポーツ,kuraiminngu,クライミング,クライミング
🤺,スポーツ,fennshinngu,フェンシング,フェンシング
🏇,スポーツ,keiba,けいば,競馬
⛷️,スポーツ,suki-,スキー,スキー
🏂,スポーツ,suno-bo-da-,スノーボーダー,スノーボーダー
🏌️,スポーツ,gorufa-,ゴルファー,ゴルファー
🏌️‍♂️,スポーツ,gorufa-,ゴルファー,ゴルファー
🏌️‍♀️,スポーツ,gorufa-,ゴルファー,ゴルファー
🏄,スポーツ,sa-fa-,サーファー,サーファー
🏄‍♂️,スポーツ,sa-fa-,サーファー,サーファー
🏄‍♀️,スポーツ,sa-fa-,サーファー,サーファー
🚣,スポーツ,bo-toninoru,ボートにのる,ボートに乗る
🚣‍♂️,スポーツ,bo-toninoru,ボートにのる,ボートに乗る
🚣‍♀️,スポーツ,bo-toninoru,ボートにのる,ボートに乗る
🏊,スポーツ,suiei,すいえい,水泳
🏊‍♂️,スポーツ,suiei,すいえい,水泳
🏊‍♀️,スポーツ,suiei,すいえい,水泳
⛹️,スポーツ,bo-ruwotsuku,ボールをつく,ボールをつく
⛹️‍♂️,スポーツ,bo-ruwotsuku,ボールをつく,ボールをつく
⛹️‍♀️,スポーツ,bo-ruwotsuku,ボールをつく,ボールをつく
🏋️,スポーツ,juuryouage,じゅうりょうあげ,重量挙げ
🏋️‍♂️,スポーツ,juuryouage,じゅうりょうあげ,重量挙げ
🏋️‍♀️,スポーツ,juuryouage,じゅうりょうあげ,重量挙げ
🚴,スポーツ,jitennshaninoru,じてんしゃにのる,自転車に乗る
🚴‍♂️,スポーツ,jitennshaninoru,じてんしゃにのる,自転車に乗る
🚴‍♀️,スポーツ,jitennshaninoru,じてんしゃにのる,自転車に乗る
🚵,スポーツ,hirukuraimu,ヒルクライム,ヒルクライム
🚵‍♂️,スポーツ,hirukuraimu,ヒルクライム,ヒルクライム
🚵‍♀️,スポーツ,hirukuraimu,ヒルクライム,ヒルクライム
🤸,スポーツ,taisou,たいそう,体操
🤸‍♂️,スポーツ,taisou,たいそう,体操
🤸‍♀️,スポーツ,taisou,たいそう,体操
🤼,スポーツ,resurinngu,レスリング,レスリング
🤼‍♂️,スポーツ,resurinngu,レスリング,レスリング
🤼‍♀️,スポーツ,resurinngu,レスリング,レスリング
🤾,スポーツ,hanndobo-ru,ハンドボール,ハンドボール
🤾‍♂️,スポーツ,hanndobo-ru,ハンドボール,ハンドボール
🤾‍♀️,スポーツ,hanndobo-ru,ハンドボール,ハンドボール
🤹,スポーツ,jagurinngu,ジャグリング,ジャグリング
🤹‍♂️,スポーツ,jagurinngu,ジャグリング,ジャグリング
🤹‍♀️,スポーツ,jagurinngu,ジャグリング,ジャグリング
🧘,スポーツ,yoga,ヨガ,ヨガ
🧘‍♂️,スポーツ,yoga,ヨガ,ヨガ
🧘‍♀️,スポーツ,yoga,ヨガ,ヨガ
🛹,スポーツ,suke-tobo-do,スケートボード,スケートボード
🛼,スポーツ,ro-ra-suke-to,ローラースケート,ローラースケート
🛶,スポーツ,kanu-,カヌー,カヌー
🎖️,スポーツ,medaru,メダル,メダル
🏆,スポーツ,torofi-,トロフィー,トロフィー
🏅,スポーツ,medaru,メダル,メダル
🥇,スポーツ,medaru,メダル,メダル
🥈,スポーツ,medaru,メダル,メダル
🥉,スポーツ,medaru,メダル,メダル
⚽,スポーツ,sakka-bo-ru,サッカーボール,サッカーボール
⚾,スポーツ,yakyuubo-ru,やきゅうボール,野球ボール
🥎,スポーツ,sofutobo-ru,ソフトボール,ソフトボール
🏀,スポーツ,basukettobo-ru,バスケットボール,バスケットボール
🏐,スポーツ,bare-bo-ru,バレーボール,バレーボール
🏈,スポーツ,amerikannfuttobo-ru,アメリカンフットボール,アメリカンフットボール
🏉,スポーツ,ragubi-,ラグビー,ラグビー
🎾,スポーツ,tenisu,テニス,テニス
🥏,スポーツ,furainngudhisuku,フライングディスク,フライングディスク
🎳,スポーツ,bourinngu,ボウリング,ボウリング
🏏,スポーツ,kuriketto,クリケット,クリケット
🏑,スポーツ,fi-rudohokke-,フィールドホッケー,フィールドホッケー
🏒,スポーツ,aisuhokke-,アイスホッケー,アイスホッケー
🥍,スポーツ,rakurosu,ラクロス,ラクロス
🏓,スポーツ,takkyuu,たっきゅう,卓球
🏸,スポーツ,badominntonn,バドミントン,バドミントン
🥊,スポーツ,bokushinnguguro-bu,ボクシンググローブ,ボクシンググローブ
🥋,スポーツ,dougi,どうぎ,道着
🥅,スポーツ,go-runetto,ゴールネット,ゴールネット
⛳,スポーツ,gorufunohata,ゴルフのはた,ゴルフの旗
⛸️,スポーツ,aisusuke-to,アイススケート,アイススケート
🎣,スポーツ,tsuri,つり,釣り
🎽,スポーツ,rannninngushatsu,ランニングシャツ,ランニングシャツ
🎿,スポーツ,suki-,スキー,スキー
🛷,スポーツ,sori,そり,そり
🥌,スポーツ,ka-rinngusuto-nn,カーリングストーン,カーリングストーン
🎯,スポーツ,ooatari,おおあたり,大当たり
🎮,スポーツ,terebige-mu,テレビゲーム,テレビゲーム
🎰,スポーツ,surottomashinn,スロットマシン,スロットマシン
🎨,スポーツ,paretto,パレット,パレット
🎼,スポーツ,gakufu,がくふ,楽譜
🎤,スポーツ,maiku,マイク,マイク
🎧,スポーツ,heddohonn,ヘッドホン,ヘッドホン
🎷,スポーツ,sakkusu,サックス,サックス
🪗,スポーツ,ako-dhionn,アコーディオン,アコーディオン
🎸,スポーツ,gita-,ギター,ギター
🎹,スポーツ,kennbann,けんばん,鍵盤
🎺,スポーツ,torannpetto,トランペット,トランペット
🎻,スポーツ,baiorinn,バイオリン,バイオリン
🥁,スポーツ,doramu,ドラム,ドラム
🪘,スポーツ,taiko,たいこ,太鼓
🎬,スポーツ,kachinnko,カチンコ,カチンコ
🏹,スポーツ,yumiya,ゆみや,弓矢
🗾,旅行,nihonnchizu,にほんちず,日本地図
🏔️,旅行,yama,やま,山
⛰️,旅行,yama,やま,山
🌋,旅行,kazann,かざん,火山
🗻,旅行,fujisann,ふじさん,富士山
🏕️,旅行,kyannpu,キャンプ,キャンプ
🏖️,旅行,bi-chi,ビーチ,ビーチ
🏜️,旅行,sabaku,さばく,砂漠
🏝️,旅行,mujinntou,むじんとう,無人島
🏞️,旅行,kokuritsukouenn,こくりつこうえん,国立公園
🏟️,旅行,sutajiamu,スタジアム,スタジアム
🏛️,旅行,iseki,いせき,遺跡
🏗️,旅行,kennchikuchuu,けんちくちゅう,建築中
🏘️,旅行,ie,いえ,家
🏚️,旅行,ie,いえ,家
🏠,旅行,ie,いえ,家
🏡,旅行,ie,いえ,家
🏢,旅行,ofisubiru,オフィスビル,オフィスビル
🏣,旅行,yuubinnkyoku,ゆうびんきょく,郵便局
🏥,旅行,byouinn,びょういん,病院
🏦,旅行,ginnkou,ぎんこう,銀行
🏨,旅行,hoteru,ホテル,ホテル
🏪,旅行,konnbiniennsusutoa,コンビニエンスストア,コンビニエンスストア
🏫,旅行,gakkou,がっこう,学校
🏬,旅行,depa-to,デパート,デパート
🏭,旅行,koujou,こうじょう,工場
🏯,旅行,shiro,しろ,城
🏰,旅行,shiro,しろ,城
💒,旅行,kekkonnshiki,けっこんしき,結婚式
🗼,旅行,toukyoutawa-,とうきょうタワー,東京タワー
⛪,旅行,kyoukai,きょうかい,教会
⛩️,旅行,torii,とりい,鳥居
⛲,旅行,funnsui,ふんすい,噴水
⛺,旅行,tennto,テント,テント
🌁,旅行,kiri,きり,霧
🌄,旅行,hinode,ひので,日の出
🌅,旅行,hinode,ひので,日の出
🌇,旅行,yuuyake,ゆうやけ,夕焼け
🎡,旅行,kannrannsha,かんらんしゃ,観覧車
🎢,旅行,jettoko-suta-,ジェットコースター,ジェットコースター
🚆,旅行,ressha,れっしゃ,列車
🚇,旅行,chikatetsu,ちかてつ,地下鉄
🚉,旅行,eki,えき,駅
🚝,旅行,monore-ru,モノレール,モノレール
🚌,旅行,basu,バス,バス
🚍,旅行,basu,バス,バス
🚑,旅行,kyuukyuusha,きゅうきゅうしゃ,救急車
🚒,旅行,shoubousha,しょうぼうしゃ,消防車
🚓,旅行,patoka-,パトカー,パトカー
🚔,旅行,patoka-,パトカー,パトカー
🚕,旅行,takushi-,タクシー,タクシー
🚖,旅行,takushi-,タクシー,タクシー
🚗,旅行,jidousha,じどうしゃ,自動車
🚘,旅行,jidousha,じどうしゃ,自動車
🛻,旅行,torakku,トラック,トラック
🚚,旅行,torakku,トラック,トラック
🚜,旅行,torakuta-,トラクター,トラクター
🏎️,旅行,re-shinnguka-,レーシングカー,レーシングカー
🏍️,旅行,o-tobai,オートバイ,オートバイ
🛵,旅行,suku-ta-,スクーター,スクーター
🚲,旅行,jitennsha,じてんしゃ,自転車
🛴,旅行,kikkusuku-ta-,キックスクーター,キックスクーター
🚏,旅行,basutei,バスてい,バス停
🛣️,旅行,kousokudouro,こうそくどうろ,高速道路
🛤️,旅行,sennro,せんろ,線路
⛽,旅行,gasorinnsutanndo,ガソリンスタンド,ガソリンスタンド
🚥,旅行,shinngouki,しんごうき,信号機
🚦,旅行,shinngouki,しんごうき,信号機
🚧,旅行,kouji,こうじ,工事
⚓,旅行,ikari,いかり,いかり
⛵,旅行,yotto,ヨット,ヨット
🚤,旅行,supi-dobo-do,スピードボード,スピードボード
🛳️,旅行,fune,ふね,船
⛴️,旅行,feri-,フェリー,フェリー
🛥️,旅行,mo-ta-bo-to,モーターボート,モーターボート
🚢,旅行,fune,ふね,船
✈️,旅行,hikouki,ひこうき,飛行機
🛩️,旅行,hikouki,ひこうき,飛行機
🛫,旅行,hikouki,ひこうき,飛行機
🛬,旅行,hikouki,ひこうき,飛行機
🪂,旅行,parashu-to,パラシュート,パラシュート
💺,旅行,zaseki,ざせき,座席
🚁,旅行,herikoputa-,ヘリコプター,ヘリコプター
🛰️,旅行,jinnkoueisei,じんこうえいせい,人工衛星
🚀,旅行,roketto,ロケット,ロケット
🪐,旅行,wakusei,わくせい,惑星
🌠,旅行,nagareboshi,ながれぼし,流れ星
🌌,旅行,amanogawa,あまのがわ,天の川
🎆,旅行,hanabi,はなび,花火
🎇,旅行,sennkouhanabi,せんこうはなび,線香花火
🗿,旅行,moaizou,モアイぞう,モアイ像
💌,物,rabureta-,ラブレター,ラブレター
🕳️,物,ana,あな,穴
💣,物,bakudann,ばくだん,爆弾
🛀,物,nyuuyokusuru,にゅうよくする,入浴する
🛌,物,beddodeneru,ベッドでねる,ベッドで寝る
🔪,物,houchou,ほうちょう,包丁
🗺️,物,sekaichizu,せかいちず,世界地図
🧭,物,konnpasu,コンパス,コンパス
🧱,物,rennga,レンガ,レンガ
💈,シンボル,tokoya,とこや,床屋
🦽,物,kurumaisu,くるまいす,車椅子
🦼,物,denndoushaisu,でんどうしゃいす,電動車椅子
🛢️,物,doramukann,ドラムかん,ドラム缶
🛎️,物,yobirinn,よびりん,呼び鈴
🧳,物,ryokoukabann,りょこうかばん,旅行かばん
⌛,物,sunadokei,すなどけい,砂時計
⏳,物,sunadokei,すなどけい,砂時計
⌚,物,udedokei,うでどけい,腕時計
⏰,物,mezamashidokei,めざましどけい,目覚まし時計
⏱️,物,sutoppuwhocchi,ストップウォッチ,ストップウォッチ
⏲️,物,taima-,タイマー,タイマー
🕰️,物,okidokei,おきどけい,置き時計
🌡️,物,onndokei,おんどけい,温度計
⛱️,物,parasoru,パラソル,パラソル
🧨,物,bakuchiku,ばくちく,爆竹
🎈,物,fuusenn,ふうせん,風船
🎉,物,kurakka-,クラッカー,クラッカー
🎊,物,kusudama,くすだま,くす玉
🎎,物,hinamatsuri,ひなまつり,ひな祭り
🎏,物,koinobori,こいのぼり,こいのぼり
🎐,物,fuurinn,ふうりん,風鈴
🎀,物,ribonn,リボン,リボン
🎁,物,purezennto,プレゼント,プレゼント
🤿,物,daibinngumasuku,ダイビングマスク,ダイビングマスク
🪀,物,yo-yo-,ヨーヨー,ヨーヨー
🪁,物,tako,たこ,たこ
🪄,物,mahounotsue,まほうのつえ,魔法の杖
🕹️,物,suthikku,スティック,スティック
🧸,物,tedhibea,テディベア,テディベア
🪆,物,matoryo-shika,マトリョーシカ,マトリョーシカ
🖼️,物,kaiga,かいが,絵画
🛍️,物,shoppinngubaggu,ショッピングバッグ,ショッピングバッグ
💎,物,houseki,ほうせき,宝石
📱,必需品,keitaidennwa,けいたいでんわ,携帯電話
🔋,必需品,dennchi,でんち,電池
🔌,必需品,konnsennto,コンセント,コンセント
💻,必需品,no-topasokonn,ノートパソコン,ノートパソコン
🖥️,必需品,desukutoppupasokonn,デスクトップパソコン,デスクトップパソコン
🖨️,必需品,purinnta-,プリンター,プリンター
⌨️,必需品,ki-bo-do,キーボード,キーボード
🖱️,必需品,mausu,マウス,マウス
🖲️,必需品,torakkubo-ru,トラックボール,トラックボール
🧮,必需品,sorobann,そろばん,そろばん
🎥,必需品,mu-bi-kamera,ムービーカメラ,ムービーカメラ
📺,必需品,terebi,テレビ,テレビ
📷,必需品,kamera,カメラ,カメラ
📸,必需品,kamera,カメラ,カメラ
📹,必需品,bideokamera,ビデオカメラ,ビデオカメラ
🔍,必需品,mushimegane,むしメガネ,虫メガネ
🔎,必需品,mushimegane,むしメガネ,虫メガネ
🕯️,必需品,rousoku,ろうそく,ろうそく
💡,必需品,dennkyuu,でんきゅう,電球
🔦,必需品,kaichuudenntou,かいちゅうでんとう,懐中電灯
📔,必需品,no-to,ノート,ノート
📕,必需品,honn,ほん,本
📖,必需品,honn,ほん,本
📗,必需品,honn,ほん,本
📘,必需品,honn,ほん,本
📙,必需品,honn,ほん,本
📚,必需品,honn,ほん,本
📓,必需品,no-to,ノート,ノート
🏷️,必需品,raberu,ラベル,ラベル
💰,必需品,okanenofukuro,おかねのふくろ,お金の袋
🪙,必需品,koinn,コイン,コイン
💴,必需品,osatsu,おさつ,お札
💵,必需品,osatsu,おさつ,お札
💶,必需品,osatsu,おさつ,お札
💷,必需品,osatsu,おさつ,お札
💳,必需品,kurejittoka-do,クレジットカード,クレジットカード
🧾,必需品,reshi-to,レシート,レシート
✉️,必需品,fuutou,ふうとう,封筒
📮,必需品,posuto,ポスト,ポスト
✏️,必需品,ennpitsu,えんぴつ,鉛筆
🖊️,必需品,penn,ペン,ペン
🖌️,必需品,efude,えふで,絵筆
🖍️,必需品,kureyonn,クレヨン,クレヨン
📝,必需品,memo,メモ,メモ
📅,必需品,karennda-,カレンダー,カレンダー
📆,必需品,karennda-,カレンダー,カレンダー
🗓️,必需品,karennda-,カレンダー,カレンダー
📋,必需品,kurippubo-do,クリップボード,クリップボード
📌,必需品,gabyou,がびょう,画びょう
📍,必需品,gabyou,がびょう,画びょう
📎,必需品,kurippu,クリップ,クリップ
🖇️,必需品,kurippu,クリップ,クリップ
📏,必需品,jougi,じょうぎ,定規
📐,必需品,sannkakujougi,さんかくじょうぎ,三角定規
✂️,必需品,hasami,はさみ,はさみ
🗃️,必需品,shoruibako,しょるいばこ,書類箱
🗄️,必需品,shoruishuunoubako,しょるいしゅうのうばこ,書類収納棚
🗑️,必需品,gomibako,ゴミばこ,ゴミ箱
🔒,必需品,kagiwotojiru,カギをとじる,カギを閉じる
🔓,必需品,kagiwoakeru,カギをあける,カギを開ける
🔑,必需品,kagi,カギ,カギ
🗝️,必需品,kagi,カギ,カギ
🔨,物,hannma-,ハンマー,ハンマー
🪓,物,ono,おの,斧
⛏️,物,tsuruhashi,つるはし,つるはし
🗡️,物,daga-,ダガー,ダガー
⚔️,物,kurosushitakenn,クロスしたけん,クロスした剣
🔫,物,pisutoru,ピストル,ピストル
🪃,物,bu-merann,ブーメラン,ブーメラン
🛡️,物,tate,たて,盾
🔗,物,rinnku,リンク,リンク
⛓️,物,che-nn,チェーン,チェーン
🪝,物,fukku,フック,フック
🧰,物,kougubako,こうぐばこ,工具箱
🧲,物,jishaku,じしゃく,磁石
🪜,物,hashigo,はしご,はしご
💉,物,chuushaki,ちゅうしゃき,注射器
💊,物,kusuri,くすり,薬
🩹,物,bannsoukou,ばんそうこう,ばんそうこう
🚪,物,doa,ドア,ドア
🪞,物,kagami,かがみ,鏡
🪟,物,mado,まど,窓
🛏️,物,beddo,ベッド,ベッド
🛋️,物,sofa-torannpu,ソファーとランプ,ソファーとランプ
🪑,物,isu,イス,イス
🚽,物,toire,トイレ,トイレ
🪠,物,raba-kappu,ラバーカップ,ラバーカップ
🚿,物,shawa-,シャワー,シャワー
🛁,物,basutabu,バスタブ,バスタブ
🪒,物,kamisori,カミソリ,カミソリ
🧴,物,ro-shonnbotoru,ローションボトル,ローションボトル
🧷,物,annzennpinn,あんぜんピン,安全ピン
🧹,物,houki,ほうき,ほうき
🧺,物,basuketto,バスケット,バスケット
🧻,物,toirettope-pa-,トイレットペーパー,トイレットペーパー
🪣,物,baketsu,バケツ,バケツ
🧼,物,sekkenn,せっけん,せっけん
🪥,物,haburashi,はブラシ,歯ブラシ
🧽,物,suponnji,スポンジ,スポンジ
🧯,物,shoukaki,しょうかき,消火器
🛒,物,shoppinnguka-to,ショッピングカート,ショッピングカート
🚬,物,tabako,タバコ,タバコ
🪧,物,puraka-do,プラカード,プラカード
♨️,シンボル,onnsenn,おんせん,温泉
💈,シンボル,tokoya,とこや,床屋
🕛,シンボル,12ji,12じ,12時
🕧,シンボル,12jihann,12じはん,12時半
🕐,シンボル,1ji,1じ,1時
🕜,シンボル,1jihann,1じはん,1時半
🕑,シンボル,2ji,2じ,2時
🕝,シンボル,2jihann,2じはん,2時半
🕒,シンボル,3ji,3じ,3時
🕞,シンボル,3jihann,3じはん,3時半
🕓,シンボル,4ji,4じ,4時
🕟,シンボル,4jihann,4じはん,4時半
🕔,シンボル,5ji,5じ,5時
🕠,シンボル,5jihann,5じはん,5時半
🕕,シンボル,6ji,6じ,6時
🕡,シンボル,6jihann,6じはん,6時半
🕖,シンボル,7ji,7じ,7時
🕢,シンボル,7jihann,7じはん,7時半
🕗,シンボル,8ji,8じ,8時
🕣,シンボル,8jihann,8じはん,8時半
🕘,シンボル,9ji,9じ,9時
🕤,シンボル,9jihann,9じはん,9時半
🕙,シンボル,10ji,10じ,10時
🕥,シンボル,10jihann,10じはん,10時半
🕚,シンボル,11ji,11じ,11時
🕦,シンボル,11jihann,11じはん,11時半
🌀,シンボル,saikuronn,サイクロン,サイクロン
♠️,シンボル,supe-do,スペード,スペード
♥️,シンボル,ha-to,ハート,ハート
♦️,シンボル,daiya,ダイヤ,ダイヤ
📢,シンボル,kakuseiki,かくせいき,拡声器
📣,シンボル,megahonn,メガホン,メガホン
🔔,シンボル,beru,ベル,ベル
⬆️,シンボル,ue,うえ,上
↗️,シンボル,migiue,みぎうえ,右上
➡️,シンボル,migi,みぎ,右
↘️,シンボル,migishita,みぎした,右下
⬇️,シンボル,shita,した,下
↙️,シンボル,hidarishita,ひだりした,左下
⬅️,シンボル,hidari,ひだり,左
↖️,シンボル,hidariue,ひだりうえ,左上